{
  "success":true,
  "terms":"https:\/\/currencylayer.com\/terms",
  "privacy":"https:\/\/currencylayer.com\/privacy",
  "timestamp":1460841607,
  "source":"USD",
  "quotes":{
    "USDAED":3.67295,
    "USDAFN":68.370003,
    "USDALL":122.764503,
    "USDAMD":483.029999,
    "USDANG":1.790403,
    "USDAOA":165.731003,
    "USDARS":14.03595,
    "USDAUD":1.294751,
    "USDAWG":1.79,
    "USDAZN":1.517504,
    "USDBAM":1.73345,
    "USDBBD":2,
    "USDBDT":78.346451,
    "USDBGN":1.732041,
    "USDBHD":0.37697,
    "USDBIF":1550,
    "USDBMD":0.99995,
    "USDBND":1.357404,
    "USDBOB":6.910399,
    "USDBRL":3.53455,
    "USDBSD":0.99915,
    "USDBTC":0.002321,
    "USDBTN":66.605003,
    "USDBWP":10.79595,
    "USDBYR":19950,
    "USDBZD":1.995041,
    "USDCAD":1.281704,
    "USDCDF":928.000362,
    "USDCHF":0.96797,
    "USDCLF":0.024604,
    "USDCLP":663.289978,
    "USDCNY":6.478041,
    "USDCOP":2997.810059,
    "USDCRC":534.429993,
    "USDCUC":1,
    "USDCUP":1.00036,
    "USDCVE":97.774498,
    "USDCZK":23.949499,
    "USDDJF":177.604996,
    "USDDKK":6.593804,
    "USDDOP":45.845001,
    "USDDZD":108.915001,
    "USDEEK":13.87404,
    "USDEGP":8.882704,
    "USDERN":16.180392,
    "USDETB":21.533001,
    "USDEUR":0.886368,
    "USDFJD":2.07685,
    "USDFKP":0.659804,
    "USDGBP":0.704126,
    "USDGEL":2.240391,
    "USDGGP":0.703829,
    "USDGHS":3.84455,
    "USDGIP":0.69104,
    "USDGMD":42.66039,
    "USDGNF":7592.450195,
    "USDGTQ":7.744504,
    "USDGYD":207.210007,
    "USDHKD":7.75565,
    "USDHNL":22.556499,
    "USDHRK":6.648304,
    "USDHTG":61.879704,
    "USDHUF":275.834991,
    "USDIDR":13197.5,
    "USDILS":3.776704,
    "USDIMP":0.703829,
    "USDINR":66.650948,
    "USDIQD":1107.099976,
    "USDIRR":30290.000352,
    "USDISK":124.214996,
    "USDJEP":0.703829,
    "USDJMD":121.870003,
    "USDJOD":0.70925,
    "USDJPY":108.764999,
    "USDKES":101.229504,
    "USDKGS":68.585701,
    "USDKHR":4041.750384,
    "USDKMF":436.025696,
    "USDKPW":900.00035,
    "USDKRW":1146.994995,
    "USDKWD":0.30162,
    "USDKYD":0.820383,
    "USDKZT":333.444946,
    "USDLAK":8119.950195,
    "USDLBP":1508.000349,
    "USDLKR":144.994995,
    "USDLRD":84.669998,
    "USDLSL":14.56975,
    "USDLTL":3.048704,
    "USDLVL":0.62055,
    "USDLYD":1.35895,
    "USDMAD":9.68835,
    "USDMDL":19.65038,
    "USDMGA":3180.949951,
    "USDMKD":54.599998,
    "USDMMK":1178.099976,
    "USDMNT":2002.503751,
    "USDMOP":7.98835,
    "USDMRO":346.000346,
    "USDMUR":35.130001,
    "USDMVR":15.380378,
    "USDMWK":684.955017,
    "USDMXN":17.55385,
    "USDMYR":3.90045,
    "USDMZN":52.330002,
    "USDNAD":14.56975,
    "USDNGN":198.869995,
    "USDNIO":28.325701,
    "USDNOK":8.25125,
    "USDNPR":106.568001,
    "USDNZD":1.445045,
    "USDOMR":0.385039,
    "USDPAB":0.999185,
    "USDPEN":3.27395,
    "USDPGK":3.12185,
    "USDPHP":46.145504,
    "USDPKR":104.684998,
    "USDPLN":3.805704,
    "USDPYG":5557.503699,
    "USDQAR":3.641038,
    "USDRON":3.96405,
    "USDRSD":108.900002,
    "USDRUB":66.449501,
    "USDRWF":774.719971,
    "USDSAR":3.75015,
    "USDSBD":7.918153,
    "USDSCR":14.06195,
    "USDSDG":6.099104,
    "USDSEK":8.12755,
    "USDSGD":1.357504,
    "USDSHP":0.701604,
    "USDSLL":3958.000339,
    "USDSOS":612.450012,
    "USDSRD":5.738504,
    "USDSTD":21704.5,
    "USDSVC":8.727204,
    "USDSYP":219.856995,
    "USDSZL":14.56975,
    "USDTHB":35.042504,
    "USDTJS":7.869604,
    "USDTMT":3.5,
    "USDTND":2.01155,
    "USDTOP":2.19404,
    "USDTRY":2.85455,
    "USDTTD":6.583504,
    "USDTWD":32.341038,
    "USDTZS":2188.250368,
    "USDUAH":25.450001,
    "USDUGX":3337.899902,
    "USDUSD":1,
    "USDUYU":31.503626,
    "USDUZS":2888.389893,
    "USDVEF":9.950366,
    "USDVND":22304.5,
    "USDVUV":108.739998,
    "USDWST":2.547787,
    "USDXAF":581.367615,
    "USDXAG":0.061595,
    "USDXAU":0.000808,
    "USDXCD":2.703606,
    "USDXDR":0.711204,
    "USDXOF":581.367615,
    "USDXPF":105.762398,
    "USDYER":249.550003,
    "USDZAR":14.56525,
    "USDZMK":5156.103593,
    "USDZMW":9.203591,
    "USDZWL":322.355011
  }
}