{
  "success":true,
  "terms":"https:\/\/currencylayer.com\/terms",
  "privacy":"https:\/\/currencylayer.com\/privacy",
  "timestamp":1460934187,
  "source":"USD",
  "quotes":{
    "USDAED":3.67295,
    "USDAFN":68.370003,
    "USDALL":122.764503,
    "USDAMD":483.029999,
    "USDANG":1.790158,
    "USDAOA":165.731003,
    "USDARS":14.03595,
    "USDAUD":1.305185,
    "USDAWG":1.79,
    "USDAZN":1.517498,
    "USDBAM":1.731601,
    "USDBBD":2,
    "USDBDT":78.346451,
    "USDBGN":1.731962,
    "USDBHD":0.37697,
    "USDBIF":1550,
    "USDBMD":0.99995,
    "USDBND":1.35925,
    "USDBOB":6.910135,
    "USDBRL":3.53455,
    "USDBSD":0.99915,
    "USDBTC":0.002338,
    "USDBTN":66.605003,
    "USDBWP":10.79595,
    "USDBYR":19950,
    "USDBZD":1.994981,
    "USDCAD":1.298365,
    "USDCDF":928.000003,
    "USDCHF":0.96721,
    "USDCLF":0.024601,
    "USDCLP":663.289978,
    "USDCNY":6.477977,
    "USDCOP":2997.810059,
    "USDCRC":534.429993,
    "USDCUC":1,
    "USDCUP":0.999795,
    "USDCVE":97.774498,
    "USDCZK":23.949499,
    "USDDJF":177.604996,
    "USDDKK":6.589398,
    "USDDOP":45.845001,
    "USDDZD":108.915001,
    "USDEEK":13.866987,
    "USDEGP":8.882703,
    "USDERN":16.180135,
    "USDETB":21.533001,
    "USDEUR":0.886368,
    "USDFJD":2.07645,
    "USDFKP":0.659802,
    "USDGBP":0.705442,
    "USDGEL":2.239511,
    "USDGGP":0.705431,
    "USDGHS":3.84455,
    "USDGIP":0.690973,
    "USDGMD":42.659913,
    "USDGNF":7592.450195,
    "USDGTQ":7.744503,
    "USDGYD":207.210007,
    "USDHKD":7.75521,
    "USDHNL":22.556499,
    "USDHRK":6.648298,
    "USDHTG":61.879698,
    "USDHUF":275.834991,
    "USDIDR":13197.5,
    "USDILS":3.7767,
    "USDIMP":0.705431,
    "USDINR":66.650948,
    "USDIQD":1107.099976,
    "USDIRR":30290.000139,
    "USDISK":124.080002,
    "USDJEP":0.705431,
    "USDJMD":121.995003,
    "USDJOD":0.708989,
    "USDJPY":108.387497,
    "USDKES":101.229503,
    "USDKGS":68.585701,
    "USDKHR":4041.75008,
    "USDKMF":435.562439,
    "USDKPW":900.000337,
    "USDKRW":1146.994995,
    "USDKWD":0.30162,
    "USDKYD":0.819565,
    "USDKZT":333.444946,
    "USDLAK":8119.950195,
    "USDLBP":1507.999757,
    "USDLKR":144.994995,
    "USDLRD":84.669998,
    "USDLSL":14.680247,
    "USDLTL":3.048704,
    "USDLVL":0.62055,
    "USDLYD":1.35895,
    "USDMAD":9.68835,
    "USDMDL":19.649775,
    "USDMGA":3180.949951,
    "USDMKD":54.599998,
    "USDMMK":1178.099976,
    "USDMNT":2002.495433,
    "USDMOP":7.98755,
    "USDMRO":346.000041,
    "USDMUR":35.130001,
    "USDMVR":15.359986,
    "USDMWK":684.955017,
    "USDMXN":17.55385,
    "USDMYR":3.90045,
    "USDMZN":52.330002,
    "USDNAD":14.679817,
    "USDNGN":198.869995,
    "USDNIO":28.337038,
    "USDNOK":8.3169,
    "USDNPR":106.568001,
    "USDNZD":1.447922,
    "USDOMR":0.385027,
    "USDPAB":0.999185,
    "USDPEN":3.27395,
    "USDPGK":3.12185,
    "USDPHP":46.145503,
    "USDPKR":104.684998,
    "USDPLN":3.805706,
    "USDPYG":5557.501595,
    "USDQAR":3.640968,
    "USDRON":3.96405,
    "USDRSD":108.900002,
    "USDRUB":66.449501,
    "USDRWF":774.719971,
    "USDSAR":3.750151,
    "USDSBD":7.918153,
    "USDSCR":14.06195,
    "USDSDG":6.099103,
    "USDSEK":8.145796,
    "USDSGD":1.35943,
    "USDSHP":0.701597,
    "USDSLL":3957.999811,
    "USDSOS":612.450012,
    "USDSRD":5.738499,
    "USDSTD":21704.5,
    "USDSVC":8.727203,
    "USDSYP":219.856995,
    "USDSZL":14.679714,
    "USDTHB":35.0425,
    "USDTJS":7.869602,
    "USDTMT":3.5,
    "USDTND":2.01155,
    "USDTOP":2.19404,
    "USDTRY":2.85455,
    "USDTTD":6.583497,
    "USDTWD":32.340983,
    "USDTZS":2188.250425,
    "USDUAH":25.450001,
    "USDUGX":3337.899902,
    "USDUSD":1,
    "USDUYU":31.500677,
    "USDUZS":2888.389893,
    "USDVEF":9.949758,
    "USDVND":22304.5,
    "USDVUV":108.739998,
    "USDWST":2.547787,
    "USDXAF":580.749878,
    "USDXAG":0.061444,
    "USDXAU":0.000807,
    "USDXCD":2.702352,
    "USDXDR":0.71065,
    "USDXOF":580.749878,
    "USDXPF":105.650002,
    "USDYER":249.550003,
    "USDZAR":14.67805,
    "USDZMK":5156.093978,
    "USDZMW":9.197222,
    "USDZWL":322.355011
  }
}